rgg_n_2_15_s0.graph,32768,160240,2,14,318252,74102,232044,12028
rgg_n_2_15_s0.graph,32768,160240,2,14,318027,72759,238204,7000
rgg_n_2_15_s0.graph,32768,160240,2,14,309414,72708,229021,7619
rgg_n_2_15_s0.graph,32768,160240,2,14,306723,73259,226476,6922
rgg_n_2_15_s0.graph,32768,160240,2,14,304828,72997,224670,7099
rgg_n_2_15_s0.graph,32768,160240,4,14,160449,37893,114680,7815
rgg_n_2_15_s0.graph,32768,160240,4,13,161701,38664,115069,7907
rgg_n_2_15_s0.graph,32768,160240,4,13,161889,38279,116136,7419
rgg_n_2_15_s0.graph,32768,160240,4,13,162525,38825,116281,7361
rgg_n_2_15_s0.graph,32768,160240,4,13,160249,37946,114753,7492
rgg_n_2_15_s0.graph,32768,160240,8,13,95489,24908,63614,6920
rgg_n_2_15_s0.graph,32768,160240,8,13,96977,23346,66675,6901
rgg_n_2_15_s0.graph,32768,160240,8,13,97988,23419,67642,6873
rgg_n_2_15_s0.graph,32768,160240,8,13,99481,24198,68312,6914
rgg_n_2_15_s0.graph,32768,160240,8,13,95953,23598,65485,6813
rgg_n_2_15_s0.graph,32768,160240,16,13,93233,23746,61834,7590
rgg_n_2_15_s0.graph,32768,160240,16,13,77502,23108,46920,7420
rgg_n_2_15_s0.graph,32768,160240,16,13,77393,23922,45979,7440
rgg_n_2_15_s0.graph,32768,160240,16,13,76961,23313,46020,7472
rgg_n_2_15_s0.graph,32768,160240,16,13,77329,23600,46290,7384
rgg_n_2_21_s0.graph,2097152,14487995,2,19,30080247,5803520,23889835,386825
rgg_n_2_21_s0.graph,2097152,14487995,2,19,30069454,5797942,23892312,379126
rgg_n_2_21_s0.graph,2097152,14487995,2,19,30459460,5817023,24270034,372331
rgg_n_2_21_s0.graph,2097152,14487995,2,19,30086607,5781573,23886015,418945
rgg_n_2_21_s0.graph,2097152,14487995,2,19,30183050,5859634,23949372,373970
rgg_n_2_21_s0.graph,2097152,14487995,4,19,15382428,3037714,11969222,375419
rgg_n_2_21_s0.graph,2097152,14487995,4,19,15388568,3036863,11943960,407677
rgg_n_2_21_s0.graph,2097152,14487995,4,19,15468494,3063273,12018915,386236
rgg_n_2_21_s0.graph,2097152,14487995,4,19,15394850,3047202,11968232,379345
rgg_n_2_21_s0.graph,2097152,14487995,4,19,15644203,3074191,12170955,398994
rgg_n_2_21_s0.graph,2097152,14487995,8,19,8502577,1808273,6285560,408679
rgg_n_2_21_s0.graph,2097152,14487995,8,19,8636929,1902589,6332006,402270
rgg_n_2_21_s0.graph,2097152,14487995,8,19,8637403,1841791,6413771,381779
rgg_n_2_21_s0.graph,2097152,14487995,8,19,8639692,1826028,6407515,406083
rgg_n_2_21_s0.graph,2097152,14487995,8,19,8675338,1837775,6416796,420697
rgg_n_2_21_s0.graph,2097152,14487995,16,19,6405743,1812796,4181674,411204
rgg_n_2_21_s0.graph,2097152,14487995,16,19,6446975,1818896,4241483,386527
rgg_n_2_21_s0.graph,2097152,14487995,16,19,6375489,1806365,4155408,413648
rgg_n_2_21_s0.graph,2097152,14487995,16,19,6502450,1846816,4197856,457710
rgg_n_2_21_s0.graph,2097152,14487995,16,19,6401487,1809567,4200228,391624
rgg_n_2_24_s0.graph,16777216,132557200,2,22,283726876,51058049,229744933,2923823
rgg_n_2_24_s0.graph,16777216,132557200,2,22,279783674,50463643,226350530,2969425
rgg_n_2_24_s0.graph,16777216,132557200,2,21,282225579,51035823,228192742,2996939
rgg_n_2_24_s0.graph,16777216,132557200,2,22,283453940,51077641,229438563,2937667
rgg_n_2_24_s0.graph,16777216,132557200,2,22,280685009,50494864,227166162,3023910
rgg_n_2_24_s0.graph,16777216,132557200,4,22,146411411,27134380,116320684,2956274
rgg_n_2_24_s0.graph,16777216,132557200,4,21,145079726,26749661,115467654,2862344
rgg_n_2_24_s0.graph,16777216,132557200,4,22,145438260,26901031,115612455,2924702
rgg_n_2_24_s0.graph,16777216,132557200,4,22,146337335,26880291,116389631,3067341
rgg_n_2_24_s0.graph,16777216,132557200,4,22,145623855,26923490,115772449,2927727
rgg_n_2_24_s0.graph,16777216,132557200,8,21,78092815,16290804,58836330,2965611
rgg_n_2_24_s0.graph,16777216,132557200,8,22,78125652,16173895,58949643,3002048
rgg_n_2_24_s0.graph,16777216,132557200,8,22,78592675,16307962,59218590,3066054
rgg_n_2_24_s0.graph,16777216,132557200,8,21,78313158,16196886,59115148,3001068
rgg_n_2_24_s0.graph,16777216,132557200,8,21,78483975,16248487,59279133,2956291
rgg_n_2_24_s0.graph,16777216,132557200,16,22,58606793,15834137,39804933,2967653
rgg_n_2_24_s0.graph,16777216,132557200,16,21,59292385,16385154,39850686,3056475
rgg_n_2_24_s0.graph,16777216,132557200,16,21,58486137,15750289,39771614,2964162
rgg_n_2_24_s0.graph,16777216,132557200,16,22,60655450,16318314,41014813,3322267
rgg_n_2_24_s0.graph,16777216,132557200,16,22,60961047,17898423,40004834,3057718
agrocyc_dag_uniq.gra,12684,-799077024,2,4,105544,81627,20840,3023
agrocyc_dag_uniq.gra,12684,673975648,2,4,103764,79829,20867,3005
agrocyc_dag_uniq.gra,12684,267586912,2,4,124347,98329,22951,2998
agrocyc_dag_uniq.gra,12684,-745226940,2,4,111528,85463,23165,2845
agrocyc_dag_uniq.gra,12684,-211808928,2,4,113048,85600,24575,2821
agrocyc_dag_uniq.gra,12684,1879,4,4,103032,86729,13098,3149
agrocyc_dag_uniq.gra,12684,1879,4,4,102138,85617,13389,3083
agrocyc_dag_uniq.gra,12684,-255163260,4,4,101063,84734,13120,3159
agrocyc_dag_uniq.gra,12684,581832032,4,4,101551,85249,13135,3116
agrocyc_dag_uniq.gra,12684,1879,4,4,103824,87776,13124,2878
agrocyc_dag_uniq.gra,12684,1160401712,8,4,158423,145145,10074,3151
agrocyc_dag_uniq.gra,12684,1879,8,4,147484,134461,10083,2892
agrocyc_dag_uniq.gra,12684,-61600416,8,4,152843,140045,9907,2844
agrocyc_dag_uniq.gra,12684,-80319356,8,4,149093,136665,9444,2931
agrocyc_dag_uniq.gra,12684,-311413180,8,4,149681,137308,9438,2885
agrocyc_dag_uniq.gra,12684,1879,16,4,177910,164916,10074,2858
agrocyc_dag_uniq.gra,12684,-1011784892,16,4,177109,164768,9366,2923
agrocyc_dag_uniq.gra,12684,777605936,16,4,178777,165859,9558,3315
agrocyc_dag_uniq.gra,12684,1879,16,4,175597,163102,9324,3120
agrocyc_dag_uniq.gra,12684,-1258269904,16,4,173504,159921,10381,3136
amaze_dag_uniq.gra,3710,-305210812,2,4,31802,23492,6954,1305
amaze_dag_uniq.gra,3710,1879,2,4,27972,19728,6952,1238
amaze_dag_uniq.gra,3710,-653044944,2,4,27923,19692,6928,1254
amaze_dag_uniq.gra,3710,-818213536,2,4,28421,19920,7171,1273
amaze_dag_uniq.gra,3710,-1020916384,2,4,28877,20069,7355,1372
amaze_dag_uniq.gra,3710,1879379296,4,4,28416,22571,4563,1225
amaze_dag_uniq.gra,3710,1879,4,4,23746,18032,4522,1148
amaze_dag_uniq.gra,3710,-604996348,4,4,23591,17874,4465,1202
amaze_dag_uniq.gra,3710,402525984,4,4,23291,17365,4495,1363
amaze_dag_uniq.gra,3710,2009617200,4,4,23616,17796,4529,1227
amaze_dag_uniq.gra,3710,1879,8,4,28994,24265,3504,1186
amaze_dag_uniq.gra,3710,-987081936,8,4,30114,25474,3404,1186
amaze_dag_uniq.gra,3710,1879,8,4,29353,24531,3577,1194
amaze_dag_uniq.gra,3710,1879,8,4,28783,24061,3408,1166
amaze_dag_uniq.gra,3710,-464301264,8,4,27731,23032,3511,1147
amaze_dag_uniq.gra,3710,294671152,16,4,30833,26168,3495,1134
amaze_dag_uniq.gra,3710,504761696,16,4,31787,27110,3437,1193
amaze_dag_uniq.gra,3710,-833482976,16,4,30515,25872,3410,1189
amaze_dag_uniq.gra,3710,202855216,16,4,32234,27426,3515,1242
amaze_dag_uniq.gra,3710,2050511664,16,4,31996,26779,3818,1350
anthra_dag_uniq.gra,12499,-46007676,2,4,110736,85112,22592,2979
anthra_dag_uniq.gra,12499,-23386044,2,4,114185,88989,22185,2957
anthra_dag_uniq.gra,12499,-379348860,2,4,113325,87080,23239,2935
anthra_dag_uniq.gra,12499,-1072090108,2,4,113044,87434,22648,2894
anthra_dag_uniq.gra,12499,1879,2,4,111060,84854,22961,3191
anthra_dag_uniq.gra,12499,-1381888672,4,4,101745,86369,12224,3100
anthra_dag_uniq.gra,12499,-818409696,4,4,102876,87401,12332,3091
anthra_dag_uniq.gra,12499,-501918928,4,4,99874,84227,12499,3092
anthra_dag_uniq.gra,12499,-49951932,4,4,99155,84190,12057,2863
anthra_dag_uniq.gra,12499,2130006832,4,4,100954,85608,12215,3081
anthra_dag_uniq.gra,12499,1879,8,4,151445,139578,8991,2827
anthra_dag_uniq.gra,12499,-888272572,8,4,147423,135688,8791,2891
anthra_dag_uniq.gra,12499,-934408416,8,4,153383,141762,8753,2822
anthra_dag_uniq.gra,12499,-841405436,8,4,146421,134783,8666,2821
anthra_dag_uniq.gra,12499,-419819744,8,4,150487,138960,8544,2937
anthra_dag_uniq.gra,12499,1687180080,16,4,171477,159390,8893,3142
anthra_dag_uniq.gra,12499,1879,16,4,174511,162087,9204,3154
anthra_dag_uniq.gra,12499,383782240,16,4,176082,164598,8370,3066
anthra_dag_uniq.gra,12499,-1440001232,16,4,175357,163857,8347,3101
anthra_dag_uniq.gra,12499,-173477372,16,4,175598,163772,8677,3104
arXiv_sub_6000-1.gra,6000,1147294512,2,28,408424,62003,344645,1710
arXiv_sub_6000-1.gra,6000,-567353532,2,28,405728,62328,341699,1637
arXiv_sub_6000-1.gra,6000,-672892924,2,28,413356,64399,347143,1747
arXiv_sub_6000-1.gra,6000,-864559356,2,28,412683,63912,346838,1868
arXiv_sub_6000-1.gra,6000,509545824,2,26,410011,62396,345672,1879
arXiv_sub_6000-1.gra,6000,-300657872,4,26,247082,56265,189070,1677
arXiv_sub_6000-1.gra,6000,-680242384,4,26,246871,56017,189047,1745
arXiv_sub_6000-1.gra,6000,-2121772240,4,26,248303,56263,190272,1702
arXiv_sub_6000-1.gra,6000,-813265020,4,26,301023,56206,242998,1755
arXiv_sub_6000-1.gra,6000,1853444912,4,26,302593,56745,244007,1776
arXiv_sub_6000-1.gra,6000,-1174663392,8,26,208739,56411,150648,1622
arXiv_sub_6000-1.gra,6000,-72985808,8,26,203577,54758,147111,1647
arXiv_sub_6000-1.gra,6000,-971777980,8,26,204454,55573,147176,1644
arXiv_sub_6000-1.gra,6000,1766806320,8,26,212307,55270,155326,1647
arXiv_sub_6000-1.gra,6000,1879,8,26,203175,54068,147326,1727
arXiv_sub_6000-1.gra,6000,50221872,16,26,148597,51611,95086,1835
arXiv_sub_6000-1.gra,6000,-469909372,16,27,160174,57202,101125,1781
arXiv_sub_6000-1.gra,6000,-524725456,16,27,158695,54255,102565,1808
arXiv_sub_6000-1.gra,6000,-52220860,16,27,160189,56869,101335,1906
arXiv_sub_6000-1.gra,6000,215158112,16,27,156345,54428,100070,1782
ba10k2d.gra,10000,-604983228,2,5,96839,48693,45386,2705
ba10k2d.gra,10000,-1130343632,2,5,91285,46426,42360,2432
ba10k2d.gra,10000,1879,2,5,88185,43388,42333,2403
ba10k2d.gra,10000,-59702588,2,5,88552,43702,42399,2395
ba10k2d.gra,10000,2102416176,2,5,88188,43384,42102,2646
ba10k2d.gra,10000,1879,4,5,63044,38050,22576,2363
ba10k2d.gra,10000,-1557197472,4,5,60281,35312,22531,2382
ba10k2d.gra,10000,-31251644,4,5,62786,37363,22690,2680
ba10k2d.gra,10000,-926704828,4,5,62821,37062,23158,2538
ba10k2d.gra,10000,-322193276,4,5,60403,35223,22510,2609
ba10k2d.gra,10000,1879,8,5,54104,37979,13722,2356
ba10k2d.gra,10000,-1594225312,8,5,51784,35962,13476,2295
ba10k2d.gra,10000,-328856224,8,5,53789,37868,13461,2409
ba10k2d.gra,10000,1879,8,5,56547,37816,16269,2328
ba10k2d.gra,10000,-1065022112,8,4,55510,37139,15902,2419
ba10k2d.gra,10000,126947104,16,4,50935,36627,11908,2350
ba10k2d.gra,10000,-431222396,16,4,50687,36613,11600,2415
ba10k2d.gra,10000,1654721888,16,4,47364,33489,11494,2332
ba10k2d.gra,10000,1879,16,4,49084,35359,11293,2378
ba10k2d.gra,10000,-144053948,16,4,48966,35219,11296,2389
ba10k5d.gra,10000,-1332801760,2,7,223466,65751,155209,2425
ba10k5d.gra,10000,1879,2,7,220786,66047,152248,2430
ba10k5d.gra,10000,-717047612,2,7,224123,68210,153249,2465
ba10k5d.gra,10000,-666366624,2,7,222870,68452,151951,2409
ba10k5d.gra,10000,-1343139024,2,7,211343,61458,147129,2688
ba10k5d.gra,10000,-1941893792,4,7,145526,57983,85081,2404
ba10k5d.gra,10000,-205276796,4,7,145233,57465,85383,2336
ba10k5d.gra,10000,-631294076,4,7,144933,57420,85058,2409
ba10k5d.gra,10000,1879,4,7,146736,59695,84357,2623
ba10k5d.gra,10000,562761056,4,7,141824,54934,84408,2418
ba10k5d.gra,10000,1879,8,7,115025,61730,50666,2574
ba10k5d.gra,10000,2048986464,8,7,114607,54448,57734,2364
ba10k5d.gra,10000,-1243000016,8,7,107828,55995,49405,2380
ba10k5d.gra,10000,-12055200,8,7,103489,51012,50162,2268
ba10k5d.gra,10000,-108589280,8,7,108785,55982,50390,2360
ba10k5d.gra,10000,1879,16,7,92330,52029,37801,2440
ba10k5d.gra,10000,626920800,16,7,91472,50889,38019,2516
ba10k5d.gra,10000,-1535159504,16,7,91901,50994,38381,2472
ba10k5d.gra,10000,-1949299360,16,7,91864,51622,37789,2394
ba10k5d.gra,10000,-171093372,16,7,93912,53374,38152,2329
cit-Patents.scc.gra,3774768,-46237820,2,14,192899799,42987920,149203430,708370
cit-Patents.scc.gra,3774768,875302688,2,15,199635677,42933176,156056873,645552
cit-Patents.scc.gra,3774768,2078018912,2,14,195071182,42891831,151553805,625472
cit-Patents.scc.gra,3774768,1879,2,15,250631158,41987015,208008777,635285
cit-Patents.scc.gra,3774768,-219524304,2,14,202423536,43162304,158580369,680789
cit-Patents.scc.gra,3774768,1811960624,4,14,124116444,38858174,84603034,655163
cit-Patents.scc.gra,3774768,-1724641504,4,14,152764732,39431995,112516760,815904
cit-Patents.scc.gra,3774768,1525764912,4,14,122108252,39037662,82377226,693290
cit-Patents.scc.gra,3774768,1879,4,14,126017021,39172342,86106892,737712
cit-Patents.scc.gra,3774768,1252265760,4,14,137115840,39067785,97376664,671312
cit-Patents.scc.gra,3774768,-350308988,8,14,88908560,42237595,45944951,725938
cit-Patents.scc.gra,3774768,800197984,8,14,87043726,42363833,43953565,726255
cit-Patents.scc.gra,3774768,-33598672,8,14,88955727,42609383,45679981,666291
cit-Patents.scc.gra,3774768,1817465648,8,15,103464358,42381676,60425766,656846
cit-Patents.scc.gra,3774768,-60266556,8,14,91426996,42446323,48266264,714334
cit-Patents.scc.gra,3774768,1879,16,14,78773765,45413024,32636704,723963
cit-Patents.scc.gra,3774768,1257460528,16,14,75212714,45362873,29125340,724425
cit-Patents.scc.gra,3774768,1134759264,16,14,77560705,45057987,31827642,674999
cit-Patents.scc.gra,3774768,1244418864,16,14,89798833,45103344,43978398,717015
cit-Patents.scc.gra,3774768,-1064348880,16,15,76539941,45843194,29975592,721081
citeseer.scc.gra,693947,1879,2,4,5270683,3878752,1264338,127521
citeseer.scc.gra,693947,-953641020,2,4,5265494,3866326,1267141,131952
citeseer.scc.gra,693947,-217420092,2,4,5040759,3627709,1279873,133111
citeseer.scc.gra,693947,1495421744,2,4,5088122,3690049,1276281,121716
citeseer.scc.gra,693947,1858932064,2,4,5297839,3881922,1274640,141206
citeseer.scc.gra,693947,1879,4,4,4133430,3320034,688930,124395
citeseer.scc.gra,693947,231804256,4,4,4196074,3355713,692753,147538
citeseer.scc.gra,693947,1879,4,4,4119031,3295640,695651,127662
citeseer.scc.gra,693947,1879,4,4,4164722,3332171,699661,132823
citeseer.scc.gra,693947,1879,4,4,4198736,3380891,694056,123719
citeseer.scc.gra,693947,1879,8,4,5313851,4793262,385863,134658
citeseer.scc.gra,693947,2039370544,8,4,5322372,4811267,391918,119119
citeseer.scc.gra,693947,-306639520,8,4,5340746,4811721,393943,135016
citeseer.scc.gra,693947,-45818620,8,4,5313274,4782986,396978,133103
citeseer.scc.gra,693947,1879,8,4,5274938,4762671,391038,121162
citeseer.scc.gra,693947,1301286240,16,4,5836763,5412691,277291,146709
citeseer.scc.gra,693947,-393456848,16,4,5775781,5363699,276413,135596
citeseer.scc.gra,693947,801067824,16,4,5859291,5440189,277978,141051
citeseer.scc.gra,693947,1879,16,4,5721550,5315405,276405,129668
citeseer.scc.gra,693947,1599344416,16,4,5978697,5560961,274597,143067
citeseer_sub_10720.gra,10720,-777825488,2,9,154346,67105,84459,2722
citeseer_sub_10720.gra,10720,-923928636,2,9,154614,67224,84731,2595
citeseer_sub_10720.gra,10720,-985723552,2,9,159518,69085,87733,2637
citeseer_sub_10720.gra,10720,530582880,2,9,156669,66804,87000,2799
citeseer_sub_10720.gra,10720,-705453884,2,9,156506,67132,86704,2604
citeseer_sub_10720.gra,10720,730813232,4,9,105776,57491,45423,2801
citeseer_sub_10720.gra,10720,1980257072,4,9,109007,59400,46776,2765
citeseer_sub_10720.gra,10720,-863468668,4,9,107736,59398,45652,2632
citeseer_sub_10720.gra,10720,-1563751072,4,9,108524,60258,45526,2683
citeseer_sub_10720.gra,10720,1879,4,9,105832,59035,44172,2558
citeseer_sub_10720.gra,10720,1832735536,8,9,94609,65202,26721,2630
citeseer_sub_10720.gra,10720,-2025303248,8,9,93160,63781,26848,2483
citeseer_sub_10720.gra,10720,1294619440,8,9,90414,60592,27223,2539
citeseer_sub_10720.gra,10720,-979368188,8,9,88853,60125,26163,2517
citeseer_sub_10720.gra,10720,2050577200,8,9,90847,60770,27258,2762
citeseer_sub_10720.gra,10720,1879,16,9,84860,61480,20912,2419
citeseer_sub_10720.gra,10720,-1927720144,16,9,86544,63046,20961,2491
citeseer_sub_10720.gra,10720,-813913148,16,9,86145,62924,20605,2561
citeseer_sub_10720.gra,10720,-986492112,16,9,95049,64949,27475,2561
citeseer_sub_10720.gra,10720,-527276668,16,9,90921,67237,21212,2411
citeseer_sub_10720.gra,10720,1879,2,9,154217,67292,84268,2595
citeseer_sub_10720.gra,10720,1879,2,9,153832,66805,84313,2548
citeseer_sub_10720.gra,10720,-781185696,2,9,155072,66796,85561,2650
citeseer_sub_10720.gra,10720,-140291280,2,9,153039,66601,83859,2521
citeseer_sub_10720.gra,10720,-2028973264,2,9,153666,66545,84480,2578
citeseer_sub_10720.gra,10720,1121473328,4,9,110323,63365,44162,2731
citeseer_sub_10720.gra,10720,1879,4,9,108505,59973,45667,2801
citeseer_sub_10720.gra,10720,-1959784672,4,9,105892,58497,44849,2487
citeseer_sub_10720.gra,10720,1882131808,4,9,106712,59561,44345,2749
citeseer_sub_10720.gra,10720,1556042544,4,9,106148,59010,44481,2596
citeseer_sub_10720.gra,10720,-1812901072,8,9,98031,68109,27345,2525
citeseer_sub_10720.gra,10720,-464170192,8,9,89411,59515,27135,2703
citeseer_sub_10720.gra,10720,770986800,8,9,90049,59938,27542,2512
citeseer_sub_10720.gra,10720,1721240928,8,9,100375,64802,33056,2458
citeseer_sub_10720.gra,10720,-1073380988,8,9,91810,61979,27283,2495
citeseer_sub_10720.gra,10720,-761892796,16,9,89186,65190,21493,2449
citeseer_sub_10720.gra,10720,161829680,16,9,88934,62308,24086,2480
citeseer_sub_10720.gra,10720,-457527804,16,9,90739,67054,20999,2637
citeseer_sub_10720.gra,10720,1879,16,9,86441,61695,22244,2445
citeseer_sub_10720.gra,10720,-511701664,16,9,86123,62235,21318,2510
citeseerx.gra,6540401,-1932456608,2,13,174212962,55634892,117451757,1126231
citeseerx.gra,6540401,1879,2,13,179335840,57029282,121197562,1108790
citeseerx.gra,6540401,1879,2,13,181829203,57301382,123411685,1116064
citeseerx.gra,6540401,454626656,2,13,176508643,57367495,118033297,1107778
citeseerx.gra,6540401,1962217248,2,13,179081393,57525447,120434941,1120927
citeseerx.gra,6540401,-691268156,4,13,122806171,54699431,67003765,1102898
citeseerx.gra,6540401,2061390640,4,13,123968121,55458021,67411408,1098610
citeseerx.gra,6540401,-467006112,4,13,124467480,55112976,68221144,1133273
citeseerx.gra,6540401,1809404720,4,13,126254288,54982098,70139621,1132494
citeseerx.gra,6540401,122031904,4,13,125773454,55268974,69356233,1148170
citeseerx.gra,6540401,65867104,8,13,122741753,81519148,40042900,1179632
citeseerx.gra,6540401,1879,8,13,122630948,81991902,39387530,1251440
citeseerx.gra,6540401,1879,8,13,121200506,81692346,38353997,1154089
citeseerx.gra,6540401,1879,8,13,122022707,82333009,38570112,1119511
citeseerx.gra,6540401,1879,8,13,121910434,82081413,38584160,1244790
citeseerx.gra,6540401,-1494610144,16,13,121471866,92534757,27811840,1125192
citeseerx.gra,6540401,-611813564,16,13,125605545,93788953,30572411,1244106
citeseerx.gra,6540401,-511176928,16,13,123944124,93364176,29472884,1106988
citeseerx.gra,6540401,67916592,16,13,122392124,92286091,28978114,1127846
citeseerx.gra,6540401,1879,16,13,125639113,94312167,30103507,1223366
cuda.gra,7,1879,2,2,2967,695,483,1748
cuda.gra,7,1879,2,2,1700,701,552,411
cuda.gra,7,-1771482320,2,2,1533,635,465,398
cuda.gra,7,-377693692,2,2,1525,621,461,409
cuda.gra,7,-660778192,2,2,1691,739,496,416
cuda.gra,7,-1078269436,4,2,1908,812,634,428
cuda.gra,7,1468289840,4,2,1900,794,659,411
cuda.gra,7,-1500115616,4,2,1956,872,606,440
cuda.gra,7,-904930364,4,2,1733,725,555,421
cuda.gra,7,2100187952,4,2,1663,658,569,400
cuda.gra,7,-651229244,8,2,2896,1256,1203,403
cuda.gra,7,-499346236,8,2,2727,1318,982,389
cuda.gra,7,1879,8,2,2943,1346,1171,392
cuda.gra,7,1042746720,8,2,2689,1290,977,390
cuda.gra,7,1879,8,2,2700,1263,1007,394
cuda.gra,7,1879,16,2,4685,2131,2110,411
cuda.gra,7,1177506608,16,2,4676,1993,2243,405
cuda.gra,7,1879,16,2,4544,1839,2199,461
cuda.gra,7,1879,16,2,5070,1870,2711,456
cuda.gra,7,1597592368,16,2,4660,2294,1918,412
ecoo_dag_uniq.gra,12620,1350504224,2,4,141173,112273,25797,3045
ecoo_dag_uniq.gra,12620,-37334224,2,4,150925,122790,24911,3155
ecoo_dag_uniq.gra,12620,-529562812,2,4,116152,91888,21071,3133
ecoo_dag_uniq.gra,12620,-40596924,2,4,115618,89782,22766,3010
ecoo_dag_uniq.gra,12620,-1056113852,2,4,116272,90660,22591,2959
ecoo_dag_uniq.gra,12620,673451360,4,4,102743,86947,12801,2945
ecoo_dag_uniq.gra,12620,-632615584,4,4,102231,86451,12886,2848
ecoo_dag_uniq.gra,12620,1701907808,4,4,103808,87961,12883,2917
ecoo_dag_uniq.gra,12620,-548214524,4,4,103535,87505,12874,3111
ecoo_dag_uniq.gra,12620,484117856,4,4,102300,86572,12860,2819
ecoo_dag_uniq.gra,12620,1879,8,4,150806,138307,9635,2813
ecoo_dag_uniq.gra,12620,1879,8,4,150044,137217,9887,2893
ecoo_dag_uniq.gra,12620,2143376176,8,4,146928,134081,9824,2975
ecoo_dag_uniq.gra,12620,-1877716176,8,4,153654,141053,9395,3158
ecoo_dag_uniq.gra,12620,-673050848,8,4,153882,141695,9295,2847
ecoo_dag_uniq.gra,12620,-315469008,16,4,177827,165579,9295,2901
ecoo_dag_uniq.gra,12620,-756525564,16,4,176138,163621,9307,3159
ecoo_dag_uniq.gra,12620,-533506300,16,4,175304,162868,9282,3101
ecoo_dag_uniq.gra,12620,-689614032,16,4,175989,163984,8845,3109
ecoo_dag_uniq.gra,12620,-1738190032,16,4,181531,169049,9308,3119
go_sub_6793.gra,6793,-421030588,2,5,67174,43733,21483,1899
go_sub_6793.gra,6793,1879,2,5,64124,40401,21879,1797
go_sub_6793.gra,6793,1879,2,5,63117,39840,21462,1768
go_sub_6793.gra,6793,1621036384,2,5,63606,40173,21625,1761
go_sub_6793.gra,6793,1879,2,5,63926,40559,21555,1768
go_sub_6793.gra,6793,1879,4,5,49435,35526,12115,1741
go_sub_6793.gra,6793,124277552,4,5,48723,34528,12293,1860
go_sub_6793.gra,6793,-1274391760,4,5,50970,36798,12236,1889
go_sub_6793.gra,6793,1879,4,5,48531,34480,12184,1827
go_sub_6793.gra,6793,-1373351120,4,5,50190,35982,12314,1851
go_sub_6793.gra,6793,-632145724,8,5,55346,45147,8412,1743
go_sub_6793.gra,6793,1879,8,5,55068,44930,8330,1770
go_sub_6793.gra,6793,-431755516,8,5,57442,46912,8732,1750
go_sub_6793.gra,6793,-1552872096,8,5,54471,44002,8721,1706
go_sub_6793.gra,6793,126618976,8,5,55286,45136,8362,1743
go_sub_6793.gra,6793,-50881340,16,5,61488,51792,7935,1713
go_sub_6793.gra,6793,-366654908,16,5,59445,49743,7894,1758
go_sub_6793.gra,6793,1879,16,5,60753,51053,7956,1705
go_sub_6793.gra,6793,1879,16,5,58138,48419,7967,1712
go_sub_6793.gra,6793,-186350524,16,5,62321,52398,8093,1783
go_uniprot.gra,6967956,226299232,2,7,76721660,50589127,24960408,1172050
go_uniprot.gra,6967956,-864564156,2,7,78192410,50391442,26592655,1208237
go_uniprot.gra,6967956,-894294140,2,7,77810152,50480610,25955762,1373579
go_uniprot.gra,6967956,1805061472,2,7,75737737,49403508,25122889,1211269
go_uniprot.gra,6967956,767757664,2,7,78832747,51161442,26465387,1205838
go_uniprot.gra,6967956,1879,4,7,59388320,43037806,15169860,1180583
go_uniprot.gra,6967956,-884776060,4,7,60064791,43338014,15517830,1208878
go_uniprot.gra,6967956,-151956688,4,7,59888726,43381820,15325178,1181653
go_uniprot.gra,6967956,-1061599484,4,7,59490227,42765392,15515860,1208903
go_uniprot.gra,6967956,1879,4,7,59616895,42937619,15497698,1181503
go_uniprot.gra,6967956,-1072205436,8,7,49065529,38259556,9613893,1192015
go_uniprot.gra,6967956,727995184,8,7,49184304,38287507,9694434,1202304
go_uniprot.gra,6967956,-475257212,8,7,48898163,38070318,9614080,1213701
go_uniprot.gra,6967956,-229700256,8,7,49134720,38204970,9721645,1208031
go_uniprot.gra,6967956,-507381116,8,7,49657807,38591267,9869574,1196896
go_uniprot.gra,6967956,-73714492,16,7,47329931,38876529,7288646,1164678
go_uniprot.gra,6967956,2037321504,16,7,48425199,39729403,7516838,1178892
go_uniprot.gra,6967956,1879,16,7,47818879,39327506,7332926,1158377
go_uniprot.gra,6967956,-965735072,16,7,48129034,39411130,7423978,1293855
go_uniprot.gra,6967956,1185502000,16,7,48088353,39501629,7378103,1208549
human_dag_uniq.gra,38811,1226116448,2,5,367936,284891,73167,9795
human_dag_uniq.gra,38811,-588314940,2,5,349037,280216,61538,7213
human_dag_uniq.gra,38811,-839905532,2,5,331189,259057,63095,8968
human_dag_uniq.gra,38811,-708858172,2,5,325313,255099,62206,7940
human_dag_uniq.gra,38811,1879,2,5,322598,251422,63075,8037
human_dag_uniq.gra,38811,-753647100,4,5,325451,278656,38880,7851
human_dag_uniq.gra,38811,-1988472016,4,5,330817,284696,38645,7408
human_dag_uniq.gra,38811,-1168568992,4,5,323193,276464,38915,7751
human_dag_uniq.gra,38811,1879,4,5,334488,287059,39156,8218
human_dag_uniq.gra,38811,-1992880800,4,5,332030,286430,38375,7159
human_dag_uniq.gra,38811,2071417648,8,5,476681,444969,23660,7989
human_dag_uniq.gra,38811,-451194364,8,5,474152,443293,23703,7094
human_dag_uniq.gra,38811,-977203872,8,5,466754,434360,24273,8059
human_dag_uniq.gra,38811,1879,8,5,468757,438128,22413,8052
human_dag_uniq.gra,38811,-58407164,8,5,476723,445266,23645,7748
human_dag_uniq.gra,38811,1899123504,16,5,572097,544246,19118,8671
human_dag_uniq.gra,38811,1879,16,5,546296,517777,19765,8692
human_dag_uniq.gra,38811,1879,16,5,560599,530654,21697,8191
human_dag_uniq.gra,38811,-277607072,16,5,556728,528558,20121,7983
human_dag_uniq.gra,38811,115805984,16,5,563551,535614,19767,8099
kegg_dag_uniq.gra,3617,1879,2,3,28256,20022,6977,1225
kegg_dag_uniq.gra,3617,-490515664,2,3,28092,19836,7033,1182
kegg_dag_uniq.gra,3617,1879,2,3,28164,19902,7033,1186
kegg_dag_uniq.gra,3617,-723839804,2,3,28543,19797,7444,1228
kegg_dag_uniq.gra,3617,-115213756,2,3,27447,19057,7128,1220
kegg_dag_uniq.gra,3617,1375949616,4,3,20966,15855,3992,1085
kegg_dag_uniq.gra,3617,-1316007120,4,3,21580,16375,4008,1158
kegg_dag_uniq.gra,3617,508318512,4,3,22588,17119,4185,1231
kegg_dag_uniq.gra,3617,1879,4,3,22018,16846,3944,1174
kegg_dag_uniq.gra,3617,-544797344,4,3,21909,16803,3971,1100
kegg_dag_uniq.gra,3617,1879,8,3,26705,22674,2894,1102
kegg_dag_uniq.gra,3617,-1978707152,8,3,26367,22264,2909,1159
kegg_dag_uniq.gra,3617,-1972677840,8,3,26031,22065,2819,1112
kegg_dag_uniq.gra,3617,1755337520,8,3,25545,21275,3132,1101
kegg_dag_uniq.gra,3617,51335984,8,3,27188,23174,2792,1185
kegg_dag_uniq.gra,3617,1879,16,3,27865,23407,3308,1113
kegg_dag_uniq.gra,3617,1879,16,3,29101,24514,3237,1305
kegg_dag_uniq.gra,3617,2140230448,16,4,30283,25795,3342,1109
kegg_dag_uniq.gra,3617,1879,16,4,29686,24880,3515,1240
kegg_dag_uniq.gra,3617,1879,16,4,29324,24742,3367,1174
mtbrv_dag_uniq.gra,9602,-876973948,2,4,86859,66312,18092,2401
mtbrv_dag_uniq.gra,9602,205983072,2,4,86362,66256,17732,2322
mtbrv_dag_uniq.gra,9602,-388148432,2,4,84906,64389,17865,2484
mtbrv_dag_uniq.gra,9602,-279456892,2,4,85064,64742,17848,2417
mtbrv_dag_uniq.gra,9602,1879,2,4,87862,65176,20253,2365
mtbrv_dag_uniq.gra,9602,270684976,4,4,82864,70226,10245,2343
mtbrv_dag_uniq.gra,9602,-556685692,4,4,77813,65095,10451,2228
mtbrv_dag_uniq.gra,9602,1646726496,4,4,83088,70468,10264,2311
mtbrv_dag_uniq.gra,9602,801526576,4,4,79431,66833,10332,2225
mtbrv_dag_uniq.gra,9602,-736675004,4,4,77928,64924,10451,2499
mtbrv_dag_uniq.gra,9602,-237957792,8,4,114836,104791,7694,2310
mtbrv_dag_uniq.gra,9602,-932172732,8,4,113005,102324,8363,2273
mtbrv_dag_uniq.gra,9602,1879,8,4,117526,106892,8306,2267
mtbrv_dag_uniq.gra,9602,-270024828,8,4,120859,110191,8157,2462
mtbrv_dag_uniq.gra,9602,1879,8,4,112252,101934,7963,2309
mtbrv_dag_uniq.gra,9602,-985985696,16,4,134785,124451,7797,2488
mtbrv_dag_uniq.gra,9602,-454372284,16,4,129219,119484,7332,2359
mtbrv_dag_uniq.gra,9602,1879,16,4,132452,122153,7775,2476
mtbrv_dag_uniq.gra,9602,-261860560,16,4,133579,123458,7589,2481
mtbrv_dag_uniq.gra,9602,52891424,16,4,133781,123725,7496,2506
nasa_dag_uniq.gra,5605,-463198588,2,4,45258,31485,12050,1654
nasa_dag_uniq.gra,5605,704646496,2,4,46579,32667,12179,1669
nasa_dag_uniq.gra,5605,-457138236,2,4,44622,31113,11826,1509
nasa_dag_uniq.gra,5605,1879,2,4,44529,31043,11790,1654
nasa_dag_uniq.gra,5605,1862292272,2,4,44597,31107,11839,1598
nasa_dag_uniq.gra,5605,-1938140368,4,4,37507,29138,6805,1527
nasa_dag_uniq.gra,5605,-90173664,4,4,36615,28336,6782,1461
nasa_dag_uniq.gra,5605,-1883566304,4,4,36511,28157,6851,1469
nasa_dag_uniq.gra,5605,-1062299324,4,4,36128,27815,6801,1476
nasa_dag_uniq.gra,5605,706547040,4,4,36238,27590,6957,1651
nasa_dag_uniq.gra,5605,-1682418896,8,4,45405,38730,5147,1488
nasa_dag_uniq.gra,5605,-815566268,8,4,42379,35885,5004,1450
nasa_dag_uniq.gra,5605,1879,8,4,44151,37651,4943,1510
nasa_dag_uniq.gra,5605,-1679273168,8,4,41621,34959,5062,1559
nasa_dag_uniq.gra,5605,-386842556,8,4,43612,37141,4936,1500
nasa_dag_uniq.gra,5605,-812887248,16,4,48573,42303,4657,1566
nasa_dag_uniq.gra,5605,-978496720,16,4,50623,43738,5239,1584
nasa_dag_uniq.gra,5605,1879,16,4,52105,44562,5960,1522
nasa_dag_uniq.gra,5605,530535216,16,4,49388,43119,4727,1503
nasa_dag_uniq.gra,5605,1879,16,4,51151,44864,4712,1529
pubmed_sub_9000-1.gra,9000,1879,2,9,189236,72844,113923,2404
pubmed_sub_9000-1.gra,9000,-923231868,2,9,184811,71603,110836,2314
pubmed_sub_9000-1.gra,9000,1879,2,9,185484,72003,111149,2162
pubmed_sub_9000-1.gra,9000,1879,2,9,185089,71200,111381,2441
pubmed_sub_9000-1.gra,9000,1879,2,9,189401,72759,113966,2603
pubmed_sub_9000-1.gra,9000,-104264352,4,9,145534,66437,76582,2461
pubmed_sub_9000-1.gra,9000,-6898684,4,9,143877,65451,75981,2390
pubmed_sub_9000-1.gra,9000,1879,4,9,129222,65169,61638,2364
pubmed_sub_9000-1.gra,9000,1879,4,9,130215,65763,62025,2375
pubmed_sub_9000-1.gra,9000,-1880289952,4,9,129241,64941,62068,2183
pubmed_sub_9000-1.gra,9000,1488915808,8,9,138577,83464,52862,2196
pubmed_sub_9000-1.gra,9000,-214084816,8,9,128201,81009,44922,2219
pubmed_sub_9000-1.gra,9000,-73265376,8,9,126959,79621,45142,2148
pubmed_sub_9000-1.gra,9000,156176160,8,9,126811,80594,44019,2151
pubmed_sub_9000-1.gra,9000,-1217637584,8,9,124417,79471,42702,2196
pubmed_sub_9000-1.gra,9000,1879,16,9,131239,92690,36288,2212
pubmed_sub_9000-1.gra,9000,713166176,16,9,125031,86653,36126,2204
pubmed_sub_9000-1.gra,9000,1954549088,16,9,140387,89217,48942,2170
pubmed_sub_9000-1.gra,9000,-1982180560,16,9,139678,97184,40249,2186
pubmed_sub_9000-1.gra,9000,-546569468,16,9,132846,93579,36979,2236
uniprotenc_100m.scc.gra,16087295,-498783804,2,3,100026794,60549841,36465714,3011162
uniprotenc_100m.scc.gra,16087295,318985008,2,3,100029265,60671532,36580623,2777041
uniprotenc_100m.scc.gra,16087295,1879,2,3,98455990,59131480,36276543,3047763
uniprotenc_100m.scc.gra,16087295,2117668192,2,3,98371406,60694614,34948278,2728438
uniprotenc_100m.scc.gra,16087295,-521645264,2,3,100285036,61609389,35849686,2825890
uniprotenc_100m.scc.gra,16087295,1879,4,3,70915786,49023746,19090923,2801039
uniprotenc_100m.scc.gra,16087295,366742880,4,3,71782525,49758302,19108706,2915446
uniprotenc_100m.scc.gra,16087295,-636416224,4,3,71362801,49452863,19136688,2773180
uniprotenc_100m.scc.gra,16087295,1879,4,3,72142714,50190704,19141689,2810250
uniprotenc_100m.scc.gra,16087295,1879,4,3,71485128,49641806,19067985,2775267
uniprotenc_100m.scc.gra,16087295,351538976,8,3,63406149,50601111,9987241,2817718
uniprotenc_100m.scc.gra,16087295,-525184208,8,3,61366084,48527181,10095111,2743718
uniprotenc_100m.scc.gra,16087295,-489906044,8,3,60909380,48165765,10014470,2729073
uniprotenc_100m.scc.gra,16087295,-13506364,8,3,63284578,50336918,10027919,2919671
uniprotenc_100m.scc.gra,16087295,2014401328,8,3,63604919,50725764,10111052,2768031
uniprotenc_100m.scc.gra,16087295,-921114876,16,3,63150517,53405821,6887744,2856877
uniprotenc_100m.scc.gra,16087295,1204358496,16,3,62590976,52930128,6905766,2755008
uniprotenc_100m.scc.gra,16087295,326259504,16,3,60161005,50312298,7035173,2813465
uniprotenc_100m.scc.gra,16087295,-181914684,16,3,61203169,51374567,7005480,2823046
uniprotenc_100m.scc.gra,16087295,-232465788,16,3,60886251,51003273,6952219,2930687
uniprotenc_22m.scc.gra,1595444,1371409760,2,2,8981049,5460625,3233386,286965
uniprotenc_22m.scc.gra,1595444,1879,2,2,8754246,5551039,2928130,275006
uniprotenc_22m.scc.gra,1595444,-289254608,2,2,8507175,5353283,2880272,273545
uniprotenc_22m.scc.gra,1595444,1715426096,2,2,9171201,5633798,3234189,303141
uniprotenc_22m.scc.gra,1595444,-946411708,2,2,9003751,5509522,3220334,273820
uniprotenc_22m.scc.gra,1595444,-724122364,4,2,6426949,4502639,1637594,286643
uniprotenc_22m.scc.gra,1595444,-563212960,4,2,6385784,4478108,1634698,272915
uniprotenc_22m.scc.gra,1595444,-632967100,4,2,6360304,4424765,1645290,290176
uniprotenc_22m.scc.gra,1595444,1879,4,2,6347149,4438430,1646134,262506
uniprotenc_22m.scc.gra,1595444,1778209584,4,2,6426697,4509525,1637362,279736
uniprotenc_22m.scc.gra,1595444,1879,8,2,5579941,4410869,886922,282080
uniprotenc_22m.scc.gra,1595444,-744200380,8,2,5909173,4700415,890103,318465
uniprotenc_22m.scc.gra,1595444,1879,8,2,5507830,4291673,926217,289869
uniprotenc_22m.scc.gra,1595444,1497959776,8,2,5599323,4430116,897366,271768
uniprotenc_22m.scc.gra,1595444,878513952,8,2,5863542,4674802,909436,279241
uniprotenc_22m.scc.gra,1595444,-561836704,16,2,5811987,4839148,668163,304603
uniprotenc_22m.scc.gra,1595444,-1887939792,16,2,5930023,4961960,676248,291743
uniprotenc_22m.scc.gra,1595444,-866644192,16,2,5793519,4830574,653183,309693
uniprotenc_22m.scc.gra,1595444,1879,16,2,5953919,4957118,668028,328697
uniprotenc_22m.scc.gra,1595444,1521880416,16,2,5783251,4831674,670436,281068
v10.gra,10,-1512305312,2,6,2340,904,538,856
v10.gra,10,58610480,2,6,1661,663,537,425
v10.gra,10,-463842512,2,6,1595,630,525,405
v10.gra,10,1879,2,6,1776,711,632,400
v10.gra,10,1879,2,6,1628,728,484,386
v10.gra,10,1879,4,6,1978,870,677,397
v10.gra,10,-490837692,4,6,1953,813,675,430
v10.gra,10,-1306063520,4,6,1867,752,628,443
v10.gra,10,-83435772,4,6,1973,893,636,410
v10.gra,10,1879,4,6,2008,838,670,466
v10.gra,10,-500179900,8,6,2996,1266,1237,450
v10.gra,10,1253182816,8,6,2798,1188,1067,506
v10.gra,10,-737961660,8,6,2730,1207,1071,419
v10.gra,10,-448986492,8,6,2791,1118,1224,416
v10.gra,10,1879,8,6,2829,1270,1096,430
v10.gra,10,-521391036,16,6,4564,2250,1879,402
v10.gra,10,1394430768,16,6,4598,1904,2263,398
v10.gra,10,-853959996,16,6,4454,1883,2120,415
v10.gra,10,627594032,16,6,5117,2690,1988,403
v10.gra,10,-731312352,16,6,4408,2053,1922,398
v100.gra,100,-1001321120,2,78,11306,2515,8207,521
v100.gra,100,-91288224,2,78,11300,2518,8253,488
v100.gra,100,474287904,2,78,11743,2778,8395,509
v100.gra,100,-32041916,2,78,11465,2497,8401,523
v100.gra,100,1879,2,78,11349,2450,8291,548
v100.gra,100,384521008,4,78,9987,2521,6953,471
v100.gra,100,1515737904,4,78,9738,2475,6800,428
v100.gra,100,181014304,4,78,9773,2264,6979,494
v100.gra,100,2059948848,4,78,9778,2372,6831,542
v100.gra,100,1879,4,78,9663,2325,6852,450
v100.gra,100,672927072,8,78,14697,2949,11088,594
v100.gra,100,-517188816,8,78,14000,3144,10150,633
v100.gra,100,-787523580,8,78,14115,2885,10465,543
v100.gra,100,-166767824,8,78,13654,2779,10218,588
v100.gra,100,1879,8,78,13465,2827,10041,534
v100.gra,100,1006195504,16,78,18733,3651,14485,542
v100.gra,100,-778198652,16,78,19165,3913,14676,520
v100.gra,100,-1295494352,16,78,18969,3856,14623,451
v100.gra,100,127929696,16,78,19022,3889,14596,495
v100.gra,100,-1999762080,16,78,19231,3827,14891,474
v1000.gra,1000,-417443024,2,751,1471820,202558,1268458,742
v1000.gra,1000,-80801276,2,751,1479638,198442,1280366,760
v1000.gra,1000,-297757436,2,751,1526275,207719,1317678,808
v1000.gra,1000,-1280224464,2,751,1492760,198037,1293932,726
v1000.gra,1000,352914784,2,751,1501429,197148,1303441,771
v1000.gra,1000,-224825084,4,751,1303649,179125,1123693,761
v1000.gra,1000,1871514976,4,751,1293152,179679,1112625,778
v1000.gra,1000,-945204432,4,751,1329888,195871,1133126,822
v1000.gra,1000,-209198396,4,751,1312009,187381,1123797,762
v1000.gra,1000,-536340540,4,751,1298709,179189,1118666,785
v1000.gra,1000,211571504,8,751,1016590,175038,840729,754
v1000.gra,1000,1008423728,8,751,1019169,174217,844124,760
v1000.gra,1000,-79374268,8,751,1034207,176324,857074,748
v1000.gra,1000,-870750780,8,751,1013446,180068,832554,759
v1000.gra,1000,-308197564,8,751,1031998,175091,856073,765
v1000.gra,1000,1879,16,751,902140,178703,722669,704
v1000.gra,1000,1879,16,751,885990,176381,708794,755
v1000.gra,1000,-1886057120,16,751,910037,182456,726834,691
v1000.gra,1000,1879,16,751,912205,174239,737215,690
v1000.gra,1000,-167375520,16,751,892449,176638,715053,699
vchocyc_dag_uniq.gra,9491,-901116128,2,4,85091,64569,18136,2334
vchocyc_dag_uniq.gra,9491,-1449897168,2,4,86953,66932,17446,2391
vchocyc_dag_uniq.gra,9491,972444464,2,4,83915,63804,17763,2296
vchocyc_dag_uniq.gra,9491,1149457200,2,4,83775,63560,17812,2345
vchocyc_dag_uniq.gra,9491,1879,2,4,88071,67648,17846,2529
vchocyc_dag_uniq.gra,9491,1345129824,4,4,76570,63951,10302,2278
vchocyc_dag_uniq.gra,9491,-107868384,4,4,77152,64536,10336,2241
vchocyc_dag_uniq.gra,9491,1495814960,4,4,76930,64415,10246,2227
vchocyc_dag_uniq.gra,9491,-948880700,4,4,76468,64058,10134,2236
vchocyc_dag_uniq.gra,9491,-527364768,4,4,77871,65361,10200,2265
vchocyc_dag_uniq.gra,9491,-300721020,8,4,117567,107149,7930,2439
vchocyc_dag_uniq.gra,9491,-2070654160,8,4,108708,98636,7778,2251
vchocyc_dag_uniq.gra,9491,-588051104,8,4,116333,106302,7550,2435
vchocyc_dag_uniq.gra,9491,1789154096,8,4,112010,102069,7660,2233
vchocyc_dag_uniq.gra,9491,1879,8,4,111706,101512,7821,2328
vchocyc_dag_uniq.gra,9491,1879,16,4,129477,119762,7172,2497
vchocyc_dag_uniq.gra,9491,303125296,16,4,131096,120947,7553,2547
vchocyc_dag_uniq.gra,9491,-1417194704,16,4,133867,123957,7615,2249
vchocyc_dag_uniq.gra,9491,-1674900128,16,4,130724,120518,7667,2491
vchocyc_dag_uniq.gra,9491,-980086780,16,4,127739,117701,7459,2532
xmark_dag_uniq.gra,6080,565054816,2,4,55513,40328,13393,1740
xmark_dag_uniq.gra,6080,1656294752,2,4,49728,35151,12739,1654
xmark_dag_uniq.gra,6080,-706053948,2,4,49895,35257,12793,1789
xmark_dag_uniq.gra,6080,-34917052,2,4,49588,35156,12694,1682
xmark_dag_uniq.gra,6080,413273440,2,4,49690,35243,12699,1694
xmark_dag_uniq.gra,6080,-974962364,4,4,43900,34809,7416,1622
xmark_dag_uniq.gra,6080,986320224,4,4,44088,34973,7471,1600
xmark_dag_uniq.gra,6080,1746341216,4,4,44369,35183,7423,1719
xmark_dag_uniq.gra,6080,1879,4,4,44115,34230,8191,1624
xmark_dag_uniq.gra,6080,1129337648,4,4,54462,44365,8304,1725
xmark_dag_uniq.gra,6080,-998899388,8,4,55160,47915,5606,1596
xmark_dag_uniq.gra,6080,-2130965152,8,4,52584,45149,5651,1736
xmark_dag_uniq.gra,6080,2113015584,8,4,51837,44506,5712,1578
xmark_dag_uniq.gra,6080,1879,8,4,55216,47672,5880,1615
xmark_dag_uniq.gra,6080,-996569596,8,4,53205,45942,5550,1669
xmark_dag_uniq.gra,6080,-466660560,16,4,59748,53071,5078,1558
xmark_dag_uniq.gra,6080,-1842475232,16,4,57175,50451,5080,1597
xmark_dag_uniq.gra,6080,1879,16,4,62219,55409,5047,1720
xmark_dag_uniq.gra,6080,91557216,16,4,58627,51722,5270,1596
xmark_dag_uniq.gra,6080,1879,16,4,60822,53870,5276,1627
yago_sub_6642.gra,6642,1740312352,2,6,81142,44425,34889,1769
yago_sub_6642.gra,6642,1879,2,6,78444,42247,34416,1719
yago_sub_6642.gra,6642,1879,2,6,83602,46485,35262,1781
yago_sub_6642.gra,6642,-229446076,2,6,82351,45945,34625,1719
yago_sub_6642.gra,6642,-802014524,2,6,80774,44642,34301,1767
yago_sub_6642.gra,6642,1879,4,6,62475,40213,20357,1845
yago_sub_6642.gra,6642,-1575595216,4,6,60637,38465,20362,1754
yago_sub_6642.gra,6642,-35949948,4,6,60954,39013,20151,1732
yago_sub_6642.gra,6642,-249360608,4,6,59432,37071,20576,1730
yago_sub_6642.gra,6642,-264707324,4,6,59653,36920,20911,1761
yago_sub_6642.gra,6642,1879,8,6,51445,36527,13144,1721
yago_sub_6642.gra,6642,-140577084,8,6,51508,36374,13331,1745
yago_sub_6642.gra,6642,1879,8,6,51877,36721,13253,1846
yago_sub_6642.gra,6642,220156720,8,6,51528,36302,13425,1746
yago_sub_6642.gra,6642,1548881248,8,6,52300,36546,13858,1837
yago_sub_6642.gra,6642,-128248764,16,6,49240,36087,11400,1691
yago_sub_6642.gra,6642,-699724448,16,6,47989,35098,11090,1736
yago_sub_6642.gra,6642,1879,16,6,50539,37529,11156,1790
yago_sub_6642.gra,6642,1879,16,6,47789,34457,11399,1873
yago_sub_6642.gra,6642,1879,16,6,46814,33814,11171,1767
